ACCESSION_NUMBER	ADDRESS_ID	ADDRESS_TYPE	ADDRESS
0001493152-22-036848	1	principalOfficeAddress	237 West 37th Street Suite 602 New York NY 10018
0000950123-22-012758	1	otherBusinessLocation	707 2nd Ave. S.  Minneapolis MN 55402
0000950123-22-012758	1	principalOfficeAddress	290 Congress Street 7th Floor Boston MA 02210
0000950123-22-012758	2	mailingAddress	707 2nd Avenue South  Minneapolis MN 55474-2405
0000950123-22-012758	2	otherBusinessLocation	10 Memorial Boulevard 10th Floor Providence RI 02903
0001202048-22-000009	1	principalOfficeAddress	2929 Allen Parkway  Houston TX 77019
0000862124-22-000004	9	otherBusinessLocation	100 New Millennium Way  Durham NC 27709
0000862124-22-000004	8	otherBusinessLocation	Two Destiny Way  Westlake TX 76262
0000862124-22-000004	7	otherBusinessLocation	49 North 400 West  Salt Lake City UT 84101
0000862124-22-000004	6	otherBusinessLocation	100 Howe Drive  Covington KY 41015
0000862124-22-000004	5	otherBusinessLocation	One Destiny Way  Westlake TX 76262
0000862124-22-000004	4	otherBusinessLocation	Two Contra Way  Merrimack NH 03054
0000862124-22-000004	3	otherBusinessLocation	One Spartan Way  Merrimack NH 03054
0000862124-22-000004	2	otherBusinessLocation	100 Magellan Drive  Covington KY 41015
0000862124-22-000004	1	otherBusinessLocation	100 Crosby Parkway  Covington KY 41015
0000862124-22-000004	2	mailingAddress	245 Summer Street Mail Zone OSGN Attn: TA Compliance Boston MA 02210
0000862124-22-000004	1	principalOfficeAddress	245 Summer Street  Boston MA 02210
0000862124-22-000004	11	otherBusinessLocation	5300 Kings Island Drive  Mason OH 45040
0000862124-22-000004	12	otherBusinessLocation	500 Salem Street  Smithfield RI 02917
0000862124-22-000004	13	otherBusinessLocation	900 Salem Street  Smithfield RI 02917
0000862124-22-000004	14	otherBusinessLocation	4601 Touchton Rd East Bldg 400 Jacksonville FL 32246
0000862124-22-000004	15	otherBusinessLocation	6501 S Fiddler's Green Circle Ste 300-600 Greenwood Village CO 80111-4932
0000862124-22-000004	16	otherBusinessLocation	825 East 1180 South  American Fork UT 84003
0000862124-22-000004	10	otherBusinessLocation	5401 Watson Drive SE  Albuquerque NM 87106
0001062993-22-024216	1	principalOfficeAddress	100 Adelaide Street West Suite 300 Toronto A6 M5H 1S3
0001062993-22-024216	3	otherBusinessLocation	1701 - Avenue des Canadiens-de-Montreal PO Box 33 Montreal A8 H3A 2A6
0001062993-22-024216	2	otherBusinessLocation	Telus Sky Building 2110, 685 Centre Street SW Calgary A1 T2G 1S5
0001062993-22-024216	1	otherBusinessLocation	650 West Georgia St Suite 2700 Vancouver A1 V6B 4N9
0000849542-22-000008	1	otherBusinessLocation	103 Bellevue Parkway  Wilmington DE 19809
0000849542-22-000008	2	otherBusinessLocation	135 Santilli Highway  Everett MA 02149
0000849542-22-000008	1	principalOfficeAddress	4400 Computer Drive  Westborough MA 01581
0000849542-22-000008	3	otherBusinessLocation	500 Ross Street  Pittsburgh PA 15262
0001387131-22-012466	1	principalOfficeAddress	4300 Shawnee Mission Parkway  Fairway KS 66205
0000810417-22-000004	1	otherBusinessLocation	8640 S. River Parkway  Tempe AZ 85284
0000810417-22-000004	1	principalOfficeAddress	12555 Manchester Road  St. Louis MO 63131
0001020337-22-000002	2	otherBusinessLocation	655 9th St  Des Moines IA 50392
0001020337-22-000002	1	principalOfficeAddress	620 Coolidge Dr Ste 300  Folsom CA 95630
0001020337-22-000002	1	otherBusinessLocation	801 Grand Ave  Des Moines IA 50392
0001452780-22-000003	1	otherBusinessLocation	Suite 201, Building 7, Commerzone Samrat Ashok Path Road, Yerawada Pune K7 411006
0001452780-22-000003	1	principalOfficeAddress	5th Floor, Block B, Q City Nanakramguda, Gachibowli Hyderabad K7 500032
0001452780-22-000003	2	otherBusinessLocation	3rd Fl, Unit 301, Bld 5&6, Mindspace Bus Parks Pvt Lmt-SEZ, Airoli Rd, Airoli, Navi Mumbai, Mumbai Maharashtr K7 400 708
0001452780-22-000003	3	otherBusinessLocation	4th Floor, Block A, Q City, Nanakaamguda Gachibowli Hyderabad K7 500032
0001452780-22-000003	4	otherBusinessLocation	6th Floor, Level 2, Lodha iThink Tower A Kolshet Road, Thane Mumbai, Maharashtra K7 400607
0001718015-22-000009	1	principalOfficeAddress	350 - 409 Granville St  Vancouver A1 V6C 1T2
0001718015-22-000009	2	otherBusinessLocation	702-67 Yonge St  TORONTO A6 M5E 1J8
0001718015-22-000009	1	otherBusinessLocation	1230-300 5th Ave SW  CALGARY A0 T2P 3C4
0001018490-22-000037	1	principalOfficeAddress	5022 Gate Parkway Suite 200 Jacksonville FL 32256-7088
0000817712-22-000011	2	mailingAddress	901 Marquette Avenue Suite 2500 MINNEAPOLIS MN 55402-3211
0000817712-22-000011	1	principalOfficeAddress	4321 N. Ballard Road  Appleton WI 54919
0000842657-22-000023	1	principalOfficeAddress	222 S. Riverside Plaza  Chicago IL 60606
0001062993-22-023408	1	otherBusinessLocation	Suite 1900, 925 West Georgia Street  Vancouver A1 V6C 3L2
0001062993-22-023408	2	mailingAddress	PO Box 128, STN M  Calgary A0 T2P 2H6
0001062993-22-023408	1	principalOfficeAddress	Suite 4000, 520 - 3rd Ave SW  Calgary A0 T2P 0R3
0001398344-22-023866	1	principalOfficeAddress	6125 MEMORIAL DRIVE  DUBLIN OH 43017
0001146230-22-000013	1	principalOfficeAddress	150 Royall Street  Canton MA 02021-1011
0001146230-22-000013	1	otherBusinessLocation	33 North LaSalle Street, Suite 1100  Chicago IL 60602
0001146230-22-000013	2	otherBusinessLocation	144 Fernwood Avenue  Edison NJ 08837
0001146230-22-000013	3	otherBusinessLocation	Newport Office Center VII 480 Washington Boulevard Jersey City NJ 07310
0001146230-22-000013	4	otherBusinessLocation	211 Quality Circle Suite 210 College Station TX 77845
0001146230-22-000013	5	otherBusinessLocation	462 South Fourth Street  Louisville KY 40202
0000733598-22-000007	1	principalOfficeAddress	8000 Interstate Hwy 10 West  San Antonio TX 78230
0000733598-22-000007	1	otherBusinessLocation	c/o CyrusOne 9999 Westover Hills Blvd San Antonio TX 78251
0000353291-22-000013	1	principalOfficeAddress	3344 Quality Drive  Rancho Cordova CA 95670
0000353291-22-000013	1	otherBusinessLocation	100 Fountain Parkway  St. Petersburg FL 33716
0000353291-22-000013	2	otherBusinessLocation	300 Atlantic Street 12th Floor Stamford CT 06901
0000842657-22-000021	1	principalOfficeAddress	222 S. Riverside Plaza  Chicago IL 60606
0000868275-22-000006	1	principalOfficeAddress	1300 N. STATE ST.  BELLINGHAM WA 98225
0001018490-22-000035	1	principalOfficeAddress	5022 Gate Parkway Suite 200 Jacksonville FL 32256-7088
0001432532-22-000010	2	mailingAddress	C/O FRANKLIN TEMPLETON INVESTOR SERVICES 3344 Quality Drive RANCHO CORDOVA CA 95670
0001432532-22-000010	1	principalOfficeAddress	Nowy Rynek complex, Building B Przemyslowa 3 str. Poznan R9 61-579
0001709660-22-000010	1	principalOfficeAddress	3 Second Street Suite 206 Jersey City NJ 07302
0000913181-22-000004	1	principalOfficeAddress	805 King Farm Blvd. Suite 600 Rockville MD 20850
0000842657-22-000019	1	principalOfficeAddress	222 S. Riverside Plaza  Chicago IL 60606
0001018490-22-000033	1	principalOfficeAddress	5022 Gate Parkway Suite 200 Jacksonville FL 32256-7088
0000005076-22-000005	3	otherBusinessLocation	12711 N. Meridian Street  Carmel IN 46032
0000005076-22-000005	2	otherBusinessLocation	5300 Robin Hood Road  Norfolk VA 23513-2430
0000005076-22-000005	1	otherBusinessLocation	3500 Wiseman Blvd.  San Antonio TX 78251-4321
0000005076-22-000005	2	mailingAddress	P.O. Box 7118  Indianapolis IN 46206-7118
0000005076-22-000005	1	principalOfficeAddress	6455 Irvine Center Drive  Irvine CA 92618
0001398344-22-021629	1	principalOfficeAddress	225 Pictoria Drive Suite 450 Cincinnati OH 45246
0001398344-22-021629	2	otherBusinessLocation	80 Arkay Dr. Suite 100 Hauppauge NY 11788
0001398344-22-021629	1	otherBusinessLocation	4221 N. 203rd St. Suite 100 Elkhorn NE 68022
0001062993-22-021689	2	otherBusinessLocation	2700 - 650 West Georgia Street Vancouver A1 V6B 4N9
0001062993-22-021689	4	otherBusinessLocation	1701 - Avenue des Canadiens-de-Montreal PO Box 33 Montreal A8 H3A 2A6
0001062993-22-021689	1	otherBusinessLocation	100 Adelaide Street West Suite 300 Toronto A6 M5H 1S3
0001062993-22-021689	1	principalOfficeAddress	100 Adelaide Street West Suite 300 Toronto A6 M5H 1S3
0001062993-22-021689	3	otherBusinessLocation	Telus Sky Building 2110, 685 Centre Street SW Calgary A0 T2G 1S5
0001557183-22-000003	2	otherBusinessLocation	475 Kilvert Street Suite 300 Warwick RI 02886
0001557183-22-000003	3	otherBusinessLocation	9070 S Rita Road  Tucson AZ 85747
0001557183-22-000003	1	otherBusinessLocation	1001 E 101st Terrace Suite 200 Kansas City MO 64131
0001557183-22-000003	1	principalOfficeAddress	95 Wells Avenue Ste 160 Newton MA 02459
0001010549-22-000226	1	otherBusinessLocation	13577 Feather Sound Drive Suite 500 Clearwater FL 33762
0001010549-22-000226	2	mailingAddress	PO Box 7016299  Dallas TX 75370
0001010549-22-000226	1	principalOfficeAddress	2901 N. DALLAS PKWY SUITE 380 PLANO TX 75093
0001953187-22-000002	1	principalOfficeAddress	161 W Georgia St Unit 2502 Vancouver A1 V6B0K9
0001953187-22-000002	2	mailingAddress	9450 SW GEMINI DR PMB 73168 BEAVERTON OR 97008
0001720655-22-000002	1	principalOfficeAddress	4100 W. Alameda Avenue 3rd Floor Burbank CA 91505
0001202048-22-000007	1	principalOfficeAddress	2929 Allen Parkway  Houston TX 77019
0001630490-22-000004	3	otherBusinessLocation	Plot #18-23 Financial Dist Nanakramguda  Hyderabad K7 500019
0001630490-22-000004	4	otherBusinessLocation	Nowy Rynek Complex, Building B Przemyslowa 3 str. Poznan R9 61-579
0001630490-22-000004	2	otherBusinessLocation	100 Fountain Parkway  St Petersburg FL 33716
0001630490-22-000004	1	otherBusinessLocation	3344 Quality Drive  Rancho Cordova CA 95670
0001630490-22-000004	1	principalOfficeAddress	4249 Easton Way Suite 400 Columbus OH 43219
0001951594-22-000001	1	principalOfficeAddress	47995 Cedarcrest Trail  Rush City MN 55069
0001951594-22-000001	2	mailingAddress	850 New Burton Road Suite 201 Dover DE 19904
0001170078-22-000006	1	otherBusinessLocation	720 S. Colorado Blvd.  Denver CO 80246
0001170078-22-000006	1	principalOfficeAddress	151 Detroit Street  Denver CO 80206
0001945989-22-000003	1	otherBusinessLocation	5968 Sitgreaves Rd  Fort Belvoir VA 22060
0001945989-22-000003	2	mailingAddress	24A TROLLEY SQ 1276  WILMINGTON DE 19806
0001945989-22-000003	1	principalOfficeAddress	168 N 1st St.  Bethpage NY 11714
0000275143-22-000004	5	otherBusinessLocation	430 W 7th St  Kansas City MO 64105
0000275143-22-000004	4	otherBusinessLocation	330 W 9th Street  Kansas City MO 64105
0000275143-22-000004	1	principalOfficeAddress	2000 Crown Colony Drive  Quincy MA 02169
0000275143-22-000004	1	otherBusinessLocation	2000 Bluffs Drive  Lawrence KS 66044
0000275143-22-000004	3	otherBusinessLocation	7201 E 64th Court  Kansas City MO 64133
0000275143-22-000004	6	otherBusinessLocation	1055 Broadway  Kansas CIty MO 64105
0000275143-22-000004	2	otherBusinessLocation	12 Water Street  Rockland ME 04841
0000027048-22-000006	1	principalOfficeAddress	1055 Broadway St  Kansas City MO 64105
0000027048-22-000006	2	mailingAddress	1055 Broadway St, 7th FL ATTN LEGAL DEPT KANSAS CITY MO 64105
0000027048-22-000006	1	otherBusinessLocation	7201 E 64th Ct  Kansas City MO 64133
0000027048-22-000006	3	otherBusinessLocation	430 W 7th St  Kansas City MO 64105
0000027048-22-000006	2	otherBusinessLocation	330 W 9th St  Kansas City MO 64105
0001139578-22-000010	2	mailingAddress	P O BOX 804660  Chicago IL 60606-4108
0001139578-22-000010	1	principalOfficeAddress	111 South Wacker Drive 34th Floor Chicago IL 60606
0000810417-22-000003	1	principalOfficeAddress	12555 Manchester Road  St. Louis MO 63131
0000810417-22-000003	1	otherBusinessLocation	8640 S. River Parkway  Tempe AZ 85284
0001140361-22-036654	4	otherBusinessLocation	Divyasree NR Enclave, Plot No-1 EPIP Industrial Area, Whitefield Bangalore K7 560066
0001140361-22-036654	3	otherBusinessLocation	Survey No 64, Adjacent to Cyber Towers Hi-Tec City, Madhapur Hyderabad K7 500081
0001140361-22-036654	1	principalOfficeAddress	51 Mercedes Way  Edgewood NY 11717
0001140361-22-036654	1	otherBusinessLocation	2 Gateway Center 283-299 Market Street Newark NJ 07102
0001140361-22-036654	2	otherBusinessLocation	110 W Park Drive  Mount Laurel NJ 08054
0000842657-22-000018	1	principalOfficeAddress	222 S. Riverside Plaza  Chicago IL 60606
0001018490-22-000029	1	principalOfficeAddress	5022 Gate Parkway Suite 200 Jacksonville FL 32256-7088
0000899140-22-000725	1	principalOfficeAddress	1 Thorndal Circle, 3rd Floor  Darien CT 06820
0000849542-22-000007	1	principalOfficeAddress	4400 Computer Drive  Westborough MA 01581
0000849542-22-000007	2	otherBusinessLocation	135 Santilli Highway  Everett MA 02149
0000849542-22-000007	3	otherBusinessLocation	500 Ross Street  Pittsburgh PA 15262
0000849542-22-000007	1	otherBusinessLocation	400 Bellevue Parkway  Wilmington DE 19809
0000733598-22-000005	1	principalOfficeAddress	8000 Interstate Hwy 10 West  San Antonio TX 78230
0000733598-22-000005	1	otherBusinessLocation	c/o CyrusOne 9999 Westover Hills Blvd San Antonio TX 78251
